-- MySQL dump 10.13  Distrib 8.0.20, for Win64 (x86_64)
--
-- Host: localhost    Database: social_network
-- ------------------------------------------------------
-- Server version	8.0.20

/*!40101 SET @OLD_CHARACTER_SET_CLIENT=@@CHARACTER_SET_CLIENT */;
/*!40101 SET @OLD_CHARACTER_SET_RESULTS=@@CHARACTER_SET_RESULTS */;
/*!40101 SET @OLD_COLLATION_CONNECTION=@@COLLATION_CONNECTION */;
/*!50503 SET NAMES utf8mb4 */;
/*!40103 SET @OLD_TIME_ZONE=@@TIME_ZONE */;
/*!40103 SET TIME_ZONE='+00:00' */;
/*!40014 SET @OLD_UNIQUE_CHECKS=@@UNIQUE_CHECKS, UNIQUE_CHECKS=0 */;
/*!40014 SET @OLD_FOREIGN_KEY_CHECKS=@@FOREIGN_KEY_CHECKS, FOREIGN_KEY_CHECKS=0 */;
/*!40101 SET @OLD_SQL_MODE=@@SQL_MODE, SQL_MODE='NO_AUTO_VALUE_ON_ZERO' */;
/*!40111 SET @OLD_SQL_NOTES=@@SQL_NOTES, SQL_NOTES=0 */;

--
-- Table structure for table `actions`
--

DROP TABLE IF EXISTS `actions`;
/*!40101 SET @saved_cs_client     = @@character_set_client */;
/*!50503 SET character_set_client = utf8mb4 */;
CREATE TABLE `actions` (
  `id` int NOT NULL AUTO_INCREMENT,
  `action` varchar(255) NOT NULL,
  PRIMARY KEY (`id`)
) ENGINE=InnoDB AUTO_INCREMENT=3 DEFAULT CHARSET=utf8mb4 COLLATE=utf8mb4_0900_ai_ci;
/*!40101 SET character_set_client = @saved_cs_client */;

--
-- Dumping data for table `actions`
--

LOCK TABLES `actions` WRITE;
/*!40000 ALTER TABLE `actions` DISABLE KEYS */;
INSERT INTO `actions` (`id`, `action`) VALUES (1,'like'),(2,'comment');
/*!40000 ALTER TABLE `actions` ENABLE KEYS */;
UNLOCK TABLES;

--
-- Table structure for table `items`
--

DROP TABLE IF EXISTS `items`;
/*!40101 SET @saved_cs_client     = @@character_set_client */;
/*!50503 SET character_set_client = utf8mb4 */;
CREATE TABLE `items` (
  `id` int NOT NULL AUTO_INCREMENT,
  `item` varchar(255) NOT NULL,
  PRIMARY KEY (`id`)
) ENGINE=InnoDB AUTO_INCREMENT=4 DEFAULT CHARSET=utf8mb4 COLLATE=utf8mb4_0900_ai_ci;
/*!40101 SET character_set_client = @saved_cs_client */;

--
-- Dumping data for table `items`
--

LOCK TABLES `items` WRITE;
/*!40000 ALTER TABLE `items` DISABLE KEYS */;
INSERT INTO `items` (`id`, `item`) VALUES (1,'profile'),(2,'photo'),(3,'comment');
/*!40000 ALTER TABLE `items` ENABLE KEYS */;
UNLOCK TABLES;

--
-- Table structure for table `user_actions`
--

DROP TABLE IF EXISTS `user_actions`;
/*!40101 SET @saved_cs_client     = @@character_set_client */;
/*!50503 SET character_set_client = utf8mb4 */;
CREATE TABLE `user_actions` (
  `id` int NOT NULL AUTO_INCREMENT,
  `user_id` int NOT NULL,
  `action_id` int NOT NULL,
  `target_user_item_id` int NOT NULL,
  PRIMARY KEY (`id`),
  KEY `idx_user_id_idx` (`user_id`),
  KEY `idx_action_id_idx` (`action_id`),
  KEY `idx_target_user_item_id_idx` (`target_user_item_id`),
  CONSTRAINT `idx_action_id` FOREIGN KEY (`action_id`) REFERENCES `actions` (`id`) ON DELETE CASCADE,
  CONSTRAINT `idx_target_user_item_id` FOREIGN KEY (`target_user_item_id`) REFERENCES `user_items` (`id`) ON DELETE CASCADE,
  CONSTRAINT `idx_user_id` FOREIGN KEY (`user_id`) REFERENCES `users` (`id`) ON DELETE CASCADE
) ENGINE=InnoDB AUTO_INCREMENT=11 DEFAULT CHARSET=utf8mb4 COLLATE=utf8mb4_0900_ai_ci;
/*!40101 SET character_set_client = @saved_cs_client */;

--
-- Dumping data for table `user_actions`
--

LOCK TABLES `user_actions` WRITE;
/*!40000 ALTER TABLE `user_actions` DISABLE KEYS */;
INSERT INTO `user_actions` (`id`, `user_id`, `action_id`, `target_user_item_id`) VALUES (1,1,1,2),(2,2,1,1),(3,3,1,1),(4,3,1,2),(5,4,1,1),(6,4,1,2),(7,2,2,6),(9,3,1,6),(10,3,1,5);
/*!40000 ALTER TABLE `user_actions` ENABLE KEYS */;
UNLOCK TABLES;

--
-- Table structure for table `user_items`
--

DROP TABLE IF EXISTS `user_items`;
/*!40101 SET @saved_cs_client     = @@character_set_client */;
/*!50503 SET character_set_client = utf8mb4 */;
CREATE TABLE `user_items` (
  `id` int NOT NULL AUTO_INCREMENT,
  `user_id` int NOT NULL,
  `item_id` int NOT NULL,
  `item_img_url` varchar(255) DEFAULT NULL,
  `item_text` text,
  PRIMARY KEY (`id`),
  KEY `idx_users_idx` (`user_id`),
  KEY `idx_actions_idx` (`item_id`),
  CONSTRAINT `idx_users` FOREIGN KEY (`user_id`) REFERENCES `users` (`id`) ON DELETE CASCADE
) ENGINE=InnoDB AUTO_INCREMENT=7 DEFAULT CHARSET=utf8mb4 COLLATE=utf8mb4_0900_ai_ci;
/*!40101 SET character_set_client = @saved_cs_client */;

--
-- Dumping data for table `user_items`
--

LOCK TABLES `user_items` WRITE;
/*!40000 ALTER TABLE `user_items` DISABLE KEYS */;
INSERT INTO `user_items` (`id`, `user_id`, `item_id`, `item_img_url`, `item_text`) VALUES (1,1,1,NULL,NULL),(2,2,1,NULL,NULL),(3,3,1,NULL,NULL),(4,4,1,NULL,NULL),(5,1,2,'http://img1.joyreactor.cc/pics/post/anon-%D0%9A%D0%B0%D1%80%D1%82%D0%B8%D0%BD%D0%BA%D0%B0-2191131.jpeg',NULL),(6,2,3,NULL,'Прикольная фотка');
/*!40000 ALTER TABLE `user_items` ENABLE KEYS */;
UNLOCK TABLES;

--
-- Table structure for table `users`
--

DROP TABLE IF EXISTS `users`;
/*!40101 SET @saved_cs_client     = @@character_set_client */;
/*!50503 SET character_set_client = utf8mb4 */;
CREATE TABLE `users` (
  `id` int NOT NULL AUTO_INCREMENT,
  `name` varchar(255) NOT NULL,
  PRIMARY KEY (`id`)
) ENGINE=InnoDB AUTO_INCREMENT=5 DEFAULT CHARSET=utf8mb4 COLLATE=utf8mb4_0900_ai_ci;
/*!40101 SET character_set_client = @saved_cs_client */;

--
-- Dumping data for table `users`
--

LOCK TABLES `users` WRITE;
/*!40000 ALTER TABLE `users` DISABLE KEYS */;
INSERT INTO `users` (`id`, `name`) VALUES (1,'A'),(2,'B'),(3,'C'),(4,'D');
/*!40000 ALTER TABLE `users` ENABLE KEYS */;
UNLOCK TABLES;
/*!40103 SET TIME_ZONE=@OLD_TIME_ZONE */;

/*!40101 SET SQL_MODE=@OLD_SQL_MODE */;
/*!40014 SET FOREIGN_KEY_CHECKS=@OLD_FOREIGN_KEY_CHECKS */;
/*!40014 SET UNIQUE_CHECKS=@OLD_UNIQUE_CHECKS */;
/*!40101 SET CHARACTER_SET_CLIENT=@OLD_CHARACTER_SET_CLIENT */;
/*!40101 SET CHARACTER_SET_RESULTS=@OLD_CHARACTER_SET_RESULTS */;
/*!40101 SET COLLATION_CONNECTION=@OLD_COLLATION_CONNECTION */;
/*!40111 SET SQL_NOTES=@OLD_SQL_NOTES */;

-- Dump completed on 2020-07-05 21:38:17
